{
    "emitterLifeTime" : 1.500000,
    "name" : "Firework",
    "emitInterval" : 5.000000,
    "velocityRandomRangeBegin" : {
        "x" : -2.550000,
        "y" : 0.000000,
        "z" : -2.450000
    },
    "startScale" : {
        "x" : 0.100000,
        "y" : 0.100000,
        "z" : 0.100000
    },
    "resistance" : {
        "x" : 0.000000,
        "y" : 0.000000,
        "z" : 0.000000
    },
    "endScale" : {
        "x" : 0.000000,
        "y" : 0.000000,
        "z" : 0.000000
    },
    "gravity" : {
        "x" : 0.000000,
        "y" : 0.000000,
        "z" : 0.000000
    },
    "scaleDelayTime" : 3.850000,
    "particleLifeTime" : 8.300000,
    "emitNum" : 100,
    "enableRandomEmit" : false,
    "beginPosition" : {
        "x" : 0.000000,
        "y" : 0.000000,
        "z" : 0.000000
    },
    "endPosition" : {
        "x" : 0.000000,
        "y" : 5.000000,
        "z" : 0.000000
    },
    "emitPositionFixed" : {
        "x" : 0.000000,
        "y" : 0.000000,
        "z" : 0.000000
    },
    "enableRandomVelocity" : true,
    "velocityRandomRangeEnd" : {
        "x" : 2.560000,
        "y" : 0.000000,
        "z" : 2.550000
    },
    "velocityFixed" : {
        "x" : 0.000000,
        "y" : 1.000000,
        "z" : 0.000000
    },
    "beginColor" : {
        "x" : 0.596078,
        "z" : 0.000000,
        "y" : 0.000000,
        "w" : 1.000000
    },
    "endColor" : {
        "x" : 0.494118,
        "z" : 0.000000,
        "y" : 0.000000,
        "w" : 1.000000
    },
    "alphaDeltaValue" : 0.000000
}