{
    "alphaDeltaValue": 0.0,
    "colorRange": {
        "end": {
            "w": 1.0,
            "x": 1.0,
            "y": 1.0,
            "z": 1.0
        },
        "start": {
            "w": 1.0,
            "x": 1.0,
            "y": 1.0,
            "z": 1.0
        }
    },
    "emitInterval": 2.0,
    "emitNum": 9,
    "emitPositionFixed": {
        "x": 0.0,
        "y": 3.259999990463257,
        "z": 0.0
    },
    "emitterLifeTime": 0.0,
    "enableRandomEmit": false,
    "enableRandomRotation": true,
    "enableRandomScale": true,
    "enableRandomVelocity": false,
    "enableScaleTransition": true,
    "gravity": {
        "x": 0.0,
        "y": 0.0,
        "z": 0.0
    },
    "name": "CG4_Emitter",
    "particleLifeTime": 1.0,
    "positionRange": {
        "end": {
            "x": 1.2300000190734863,
            "y": 1.7599999904632568,
            "z": 0.0
        },
        "start": {
            "x": -2.640000104904175,
            "y": 5.059999942779541,
            "z": 0.0
        }
    },
    "resistance": {
        "x": 0.0,
        "y": 0.0,
        "z": 0.0
    },
    "rotationRandomRange": {
        "end": {
            "x": 0.0,
            "y": 0.0,
            "z": 1.5700000524520874
        },
        "start": {
            "x": 0.0,
            "y": 0.0,
            "z": -1.5700000524520874
        }
    },
    "scaleDelayTime": 0.5400000214576721,
    "scaleFixed": {
        "x": 0.0,
        "y": 0.0,
        "z": 0.0
    },
    "scaleRandomRange": {
        "end": {
            "x": 0.05000000074505806,
            "y": 1.5,
            "z": 1.0
        },
        "start": {
            "x": 0.05000000074505806,
            "y": 0.4000000059604645,
            "z": 1.0
        }
    },
    "scaleRange": {
        "end": {
            "x": 0.0,
            "y": 0.0,
            "z": 1.0
        },
        "start": {
            "x": 0.05000000074505806,
            "y": 1.0,
            "z": 1.0
        }
    },
    "velocityFixed": {
        "x": 0.0,
        "y": 0.0,
        "z": 0.0
    },
    "velocityRandomRange": {
        "end": {
            "x": 0.0,
            "y": 0.0,
            "z": 0.0
        },
        "start": {
            "x": 0.0,
            "y": 0.0,
            "z": 0.0
        }
    }
}
