{
    "emitterLifeTime" : 1.500000,
    "name" : "NoizDoor",
    "emitInterval" : 0.020000,
    "velocityRandomRangeBegin" : {
        "x" : -1.000000,
        "y" : 0.000000,
        "z" : 0.000000
    },
    "startScale" : {
        "x" : 0.020000,
        "y" : 0.020000,
        "z" : 0.000000
    },
    "resistance" : {
        "x" : 0.000000,
        "y" : 0.000000,
        "z" : 0.000000
    },
    "endScale" : {
        "x" : 0.000000,
        "y" : 0.000000,
        "z" : 0.000000
    },
    "gravity" : {
        "x" : 0.000000,
        "y" : 0.000000,
        "z" : 0.000000
    },
    "scaleDelayTime" : 0.000000,
    "particleLifeTime" : 1.500000,
    "emitNum" : 5,
    "enableRandomEmit" : true,
    "beginPosition" : {
        "x" : -3.000000,
        "y" : 1.500000,
        "z" : -4.000000
    },
    "endPosition" : {
        "x" : -2.000000,
        "y" : 0.000000,
        "z" : -4.000000
    },
    "emitPositionFixed" : {
        "x" : -2.300000,
        "y" : 0.290000,
        "z" : 0.000000
    },
    "enableRandomVelocity" : false,
    "velocityRandomRangeEnd" : {
        "x" : 0.000000,
        "y" : 0.000000,
        "z" : 0.000000
    },
    "velocityFixed" : {
        "x" : 0.000000,
        "y" : 0.000000,
        "z" : 0.000000
    },
    "beginColor" : {
        "r" : 0.000000,
        "b" : 0.000000,
        "g" : 0.000000,
        "a" : 1.000000
    },
    "endColor" : {
        "r" : 1.000000,
        "b" : 1.000000,
        "g" : 1.000000,
        "a" : 1.000000
    },
    "alphaDeltaValue" : 0.000000
}