{
    "emitterLifeTime" : 2.000000,
    "emitterName" : "Spark",
    "emitInterval" : 0.050000,
    "velocityRandomRangeBegin" : {
        "x" : -0.500000,
        "y" : -0.500000,
        "z" : -0.500000
    },
    "startScale" : {
        "x" : 0.050000,
        "y" : 0.050000,
        "z" : 0.050000
    },
    "resistance" : {
        "x" : 0.000000,
        "y" : 0.000000,
        "z" : 0.000000
    },
    "endScale" : {
        "x" : 0.200000,
        "y" : 0.200000,
        "z" : 0.200000
    },
    "gravity" : {
        "x" : 0.000000,
        "y" : 0.000000,
        "z" : 0.000000
    },
    "scaleDelayTime" : 0.000000,
    "particleLifeTime" : 2.500000,
    "emitNum" : 7,
    "enableRandomEmit" : false,
    "beginPosition" : {
        "x" : 0.000000,
        "y" : 0.000000,
        "z" : 0.000000
    },
    "endPosition" : {
        "x" : 0.000000,
        "y" : 0.000000,
        "z" : 0.000000
    },
    "emitPositionFixed" : {
        "x" : 1.000000,
        "y" : 0.000000,
        "z" : 0.000000
    },
    "enableRandomVelocity" : true,
    "velocityRandomRangeEnd" : {
        "x" : 0.500000,
        "y" : 0.500000,
        "z" : 0.500000
    },
    "velocityFixed" : {
        "x" : 0.000000,
        "y" : 1.000000,
        "z" : 0.000000
    },
    "beginColor" : {
        "r" : 0.976471,
        "b" : 0.749020,
        "g" : 0.976471,
        "a" : 1.000000
    },
    "endColor" : {
        "r" : 0.976471,
        "b" : 0.149020,
        "g" : 0.474510,
        "a" : 0.000000
    },
    "alphaDeltaValue" : 0.000000
}